{
  "split_mode": "random",
  "n_folds": 5,
  "seed": 42,
  "fold_metrics": {
    "aucs": [
      0.9850033489956804,
      0.9847900116519774,
      0.9844029435776371,
      0.9853065531630947,
      0.9850395133982333
    ],
    "accuracies": [
      0.9417329093799682,
      0.9405405405405406,
      0.9406995230524642,
      0.9432432432432433,
      0.9433137223723963
    ],
    "precisions": [
      0.912301528416679,
      0.9088226615520802,
      0.9128686327077749,
      0.916243654822335,
      0.9142644873699851
    ],
    "recalls": [
      0.9774244833068363,
      0.9793322734499205,
      0.9744038155802862,
      0.9756756756756757,
      0.9783749403720783
    ],
    "f1_scores": [
      0.9437408857164786,
      0.9427609427609428,
      0.9426330359889264,
      0.9450261780104712,
      0.9452338889315616
    ],
    "pr_scores": [
      0.9827026700263671,
      0.982410257976466,
      0.9820019261092913,
      0.982830451382423,
      0.9827294702421573
    ]
  },
  "average_metrics": {
    "mean_auc": 0.9849084741573246,
    "std_auc": 0.0003014080107157494,
    "mean_accuracy": 0.9419059877177226,
    "std_accuracy": 0.001193308702029452,
    "mean_precision": 0.9129001929737708,
    "std_precision": 0.002450538476724163,
    "mean_recall": 0.9770422376769593,
    "std_recall": 0.0017885879849839277,
    "mean_f1": 0.943878986281676,
    "std_f1": 0.001093004598860135,
    "mean_pr_auc": 0.982534955147341,
    "std_pr_auc": 0.00030098231427584595
  },
  "best_params": {
    "hidden_dim": 241,
    "learning_rate": 0.0015595781572577505,
    "dropout": 0.16993331909775405,
    "num_layers": 4,
    "pca_dim": 64,
    "latent_dim": 46,
    "out_channels": 44,
    "lambda_reg": 0.027363436290856996,
    "weight_decay": 5.731744944490978e-05,
    "mdmf_lr": 0.0002686378128443634,
    "mdmf_epochs": 166
  },
  "model_paths": [
    "models_cv_rgcn_gated_random/best_model_fold_1.pth",
    "models_cv_rgcn_gated_random/best_model_fold_2.pth",
    "models_cv_rgcn_gated_random/best_model_fold_3.pth",
    "models_cv_rgcn_gated_random/best_model_fold_4.pth",
    "models_cv_rgcn_gated_random/best_model_fold_5.pth"
  ]
}